--
-- Script was generated by Devart dbForge Studio 2019 for MySQL, Version 8.1.22.0
-- Product home page: http://www.devart.com/dbforge/mysql/studio
-- Script date 2021. 06. 07. 16:51:43
-- Server version: 5.5.5-10.4.17-MariaDB
-- Client version: 4.1
--

-- 
-- Disable foreign keys
-- 
/*!40014 SET @OLD_FOREIGN_KEY_CHECKS=@@FOREIGN_KEY_CHECKS, FOREIGN_KEY_CHECKS=0 */;

-- 
-- Set SQL mode
-- 
/*!40101 SET @OLD_SQL_MODE=@@SQL_MODE, SQL_MODE='NO_AUTO_VALUE_ON_ZERO' */;

-- 
-- Set character set the client will use to send SQL statements to the server
--
SET NAMES 'utf8';

--
-- Set default database
--
USE kutyak;

--
-- Drop function `VeletlenDatum`
--
DROP FUNCTION IF EXISTS VeletlenDatum;

--
-- Drop table `bejelentkezes`
--
DROP TABLE IF EXISTS bejelentkezes;

--
-- Drop table `kutyakoltasok`
--
DROP TABLE IF EXISTS kutyakoltasok;

--
-- Drop table `oltasok`
--
DROP TABLE IF EXISTS oltasok;

--
-- Drop table `kutyanaplo`
--
DROP TABLE IF EXISTS kutyanaplo;

--
-- Drop table `esemenyek`
--
DROP TABLE IF EXISTS esemenyek;

--
-- Drop table `kutyak`
--
DROP TABLE IF EXISTS kutyak;

--
-- Drop table `fajtak`
--
DROP TABLE IF EXISTS fajtak;

--
-- Set default database
--
USE kutyak;

--
-- Create table `fajtak`
--
CREATE TABLE fajtak (
  fajtaId INT(11) NOT NULL AUTO_INCREMENT,
  fajta VARCHAR(50) NOT NULL,
  fajtaLeiras LONGTEXT DEFAULT NULL,
  gondozas LONGTEXT DEFAULT NULL,
  fajtaFoto VARCHAR(255) DEFAULT NULL,
  PRIMARY KEY (fajtaId)
)
ENGINE = INNODB,
AUTO_INCREMENT = 28,
AVG_ROW_LENGTH = 2048,
CHARACTER SET utf8,
COLLATE utf8_hungarian_ci;

--
-- Create table `kutyak`
--
CREATE TABLE kutyak (
  kutyaId INT(11) NOT NULL AUTO_INCREMENT,
  nev VARCHAR(50) NOT NULL,
  fajtaId INT(11) DEFAULT NULL,
  szuletes DATE DEFAULT NULL,
  suly DECIMAL(10, 2) DEFAULT NULL,
  magassag INT(11) DEFAULT NULL,
  foto VARCHAR(255) DEFAULT NULL,
  ertek DECIMAL(10, 0) DEFAULT NULL,
  PRIMARY KEY (kutyaId)
)
ENGINE = INNODB,
AUTO_INCREMENT = 33,
AVG_ROW_LENGTH = 512,
CHARACTER SET utf8,
COLLATE utf8_hungarian_ci;

--
-- Create foreign key
--
ALTER TABLE kutyak 
  ADD CONSTRAINT FK_kutyak_fajtak_fajtaId FOREIGN KEY (fajtaId)
    REFERENCES fajtak(fajtaId) ON DELETE CASCADE ON UPDATE CASCADE;

--
-- Create table `esemenyek`
--
CREATE TABLE esemenyek (
  esemenyId INT(11) NOT NULL AUTO_INCREMENT,
  esemeny VARCHAR(50) DEFAULT NULL,
  PRIMARY KEY (esemenyId)
)
ENGINE = INNODB,
AUTO_INCREMENT = 10,
AVG_ROW_LENGTH = 2730,
CHARACTER SET utf8,
COLLATE utf8_hungarian_ci;

--
-- Create table `kutyanaplo`
--
CREATE TABLE kutyanaplo (
  kutyaNaploId INT(11) NOT NULL AUTO_INCREMENT,
  kutyaId INT(11) NOT NULL,
  datum DATE NOT NULL,
  esemenyId INT(11) NOT NULL,
  PRIMARY KEY (kutyaNaploId)
)
ENGINE = INNODB,
AUTO_INCREMENT = 20,
AVG_ROW_LENGTH = 1365,
CHARACTER SET utf8,
COLLATE utf8_hungarian_ci;

--
-- Create foreign key
--
ALTER TABLE kutyanaplo 
  ADD CONSTRAINT FK_kutyanaplo FOREIGN KEY (esemenyId)
    REFERENCES esemenyek(esemenyId) ON DELETE CASCADE ON UPDATE CASCADE;

--
-- Create foreign key
--
ALTER TABLE kutyanaplo 
  ADD CONSTRAINT FK_kutyanaplo_kutyak_kutyaId FOREIGN KEY (kutyaId)
    REFERENCES kutyak(kutyaId) ON DELETE CASCADE ON UPDATE CASCADE;

--
-- Create table `oltasok`
--
CREATE TABLE oltasok (
  oltasId INT(11) NOT NULL AUTO_INCREMENT,
  oltasneve VARCHAR(55) DEFAULT NULL,
  PRIMARY KEY (oltasId)
)
ENGINE = INNODB,
AUTO_INCREMENT = 7,
AVG_ROW_LENGTH = 4096,
CHARACTER SET utf8,
COLLATE utf8_hungarian_ci;

--
-- Create table `kutyakoltasok`
--
CREATE TABLE kutyakoltasok (
  kutyaId INT(11) DEFAULT NULL,
  oltasId INT(11) DEFAULT NULL
)
ENGINE = INNODB,
AVG_ROW_LENGTH = 512,
CHARACTER SET utf8,
COLLATE utf8_hungarian_ci;

--
-- Create foreign key
--
ALTER TABLE kutyakoltasok 
  ADD CONSTRAINT FK_kutyakoltasok_kutyak_kutyaId FOREIGN KEY (kutyaId)
    REFERENCES kutyak(kutyaId) ON DELETE CASCADE ON UPDATE CASCADE;

--
-- Create foreign key
--
ALTER TABLE kutyakoltasok 
  ADD CONSTRAINT FK_kutyakoltasok_oltasok_oltasId FOREIGN KEY (oltasId)
    REFERENCES oltasok(oltasId) ON DELETE CASCADE ON UPDATE CASCADE;

--
-- Create table `bejelentkezes`
--
CREATE TABLE bejelentkezes (
  loginId INT(11) NOT NULL AUTO_INCREMENT,
  email VARCHAR(50) NOT NULL,
  password VARCHAR(100) NOT NULL,
  jogosultsag TINYINT(4) DEFAULT 1,
  PRIMARY KEY (loginId)
)
ENGINE = INNODB,
AUTO_INCREMENT = 12,
AVG_ROW_LENGTH = 1489,
CHARACTER SET utf8,
COLLATE utf8_hungarian_ci;

DELIMITER $$

--
-- Create function `VeletlenDatum`
--
CREATE DEFINER = 'root'@'localhost'
FUNCTION VeletlenDatum()
  RETURNS datetime
BEGIN

SET @MIN = '2011-04-30 14:53:27';
SET @MAX = '2019-04-30 14:53:27';
return TIMESTAMPADD(SECOND, FLOOR(RAND() * TIMESTAMPDIFF(SECOND, @MIN, @MAX)), @MIN);


END
$$

DELIMITER ;

-- 
-- Dumping data for table fajtak
--
INSERT INTO fajtak VALUES
(1, 'puli', 'A puli közepes termetu, négyzetes felépítésu kutya. A mérsékelten hosszú, izmos nyak simán hajlik át a hát vonalába. Teste kvadrikus, azaz a testének hossza ugyanakkora, mint a marmagassága.A kanok marmagassága 40-44 cm, a szukáé 37-41 cm. A pulik többsége fekete, de vannak fehér (gyöngyfehér), illetve szürke. Várható élettartama: 12-14 év', 'A puha aljszorzet szálai összeakadnak a durvább tapintású, hosszabb fedoszorzettel, és ez megindítja a tincsekké összeállás folyamatát. A magától kialakult tincseket kell évente kétszer korrigálni, például a hát és farok találkozásnál. A felnott puli sohasem hullatja a szorét, és egyéves kora után sem kefélni, sem fésülni nem kell, viszont a szorét gyakran vágni kell, hogy ne botoljon bele.A puli mozgásigénye átlagos, de ahhoz is jól alkalmazkodik, ha néha a megszokottnál rövidebb ideig tart a séta. Általában szeret labdázni és apportírozni is.', 'puliFajta.jpg'),
(2, 'pumi', 'A pumi közepes nagyságú, szögletes testfelépítésu kutya. Marja kiemelkedik a hátrafelé lejto hátvonalából, hasa pedig felfelé emelkedik. Magasan tuzött farkát felkunkorítva tartja; ha a kölyök kurta farokkal születik, az is elfogadható.A kanok marmagassága 41-47 cm, a szukáké 38-44 cm. Leggyakoribbak a sárgásfehér és a szürke egyedek, bár a fekete, a fehér és a vöröses szín is megengedett.Várható élettartama: 12-14 év', 'A szorzetét elég néha-néha átkefélni. A hallójáratokból kézzel célszeru kitépkedni a felesleges szorszálakat. A kiállításon versenyeztetett pumit általában megnyírják és kefélik – de csak mértékkel.Ez a vakmero és fürge kutya akkor érzi igazán jól magát, ha nagyon sokat mozoghat, ezért nem való olyan személyeknek, akik mindennél többre értékelik a nyugalmas életet. A mindennapos séták mellet rendszeresen lehetoséget kell adni neki arra is, hogy póráz nélkül hancúrozzon. Nem hajlamos a csavargásra.', 'pumiFajta.jpg'),
(3, 'agár', 'Eros csontozatú, de karcsú kutya. Törzse hosszú, izmos. Farka a csánkjáig ér. Végtagjai inasak, izmosak. A kan marmagassága 65-70 cm, a szuka marmagassága 62-67 cm. Színe fekete vagy fakó, de lehet csíkos, ordas, barna foltos, illetve minden alapszínnek van foltos változata is (fehér alapon az alapszín) – egyszóval a legtöbb agárszínben tenyésztik.Várható élettartama: 12-14 év', 'Vadász-, és falkaeb, mely szemre vadászik. Figyelemreméltó a szaglása. Vadászatra csak külön engedéllyel lehet használni oket.Pályaversenyzésre és coursingra kiválóan alkalmas, különösen hosszabb távon vált be. Nagyon jó kíséro, és huséges jelzokutya.', 'agarFajta.jpg'),
(4, 'tacskó', 'A tacskónak hosszú teste, magas marja, vízszintes háta, enyhén ívelt lágyéka, hosszú, széles és izmos fara van. A test és a marmagasság aránya ideális esetben 1:1,18. A marmagasság felso kétharmadát maga a mellkas, alsó egyharmadát a mellkas és a talaj közti távolság teszi ki. A farok a hát vonalában folytatódik, és nem lehet túl ívelt. Hasa mérsékelten felhúzott. Testének elülso része izmos, széles és alacsony; a mellkas szembol nézve ovális alakú. A jól fejlett mellkas legmélyebb pontja pontosan a mellso láb mögé esik.A marmagasság minimum 16 cm,a mrmagasság maximum: 25 cm.Színei: A tacskókat számos különbözo színben tenyésztik:Egyszínu vörös,Kétszínu. Fekete vagy barna az alapszíne, Foltos vagy csíkos.Várható élettartama: 10-14 év', 'A rövid szoru tacskó szorzete nem különösebben igényes a gondozás szempontjából. Elég idorol idore átdörzsölni egy gumikefével, vagy egy gumis kopókesztyuvel, ami jól eltávolítja az elhalt és kilazult szorszálakat. A szálkás szoru tacskó szorzetét évente átlagosan kétszer kell trimmelni – a gyakoriság a szorzet állapotától is függ. A fej szorzetének minél rövidebbnek kell lennie. A szorzetet vágni kizárólag a lábujjak között szabad. A szorzet kiszedése mellett idonként át kell kefélni az állatot egy eros sörtéju kefével. A hosszú szoru tacskót elég idonként átkefélni, foként, a gubancolódásra hajlamos területeken. A hosszú szoru és a szálkás szoru változatoknál idonként idonként le kell nyírni a talppárnák közötti szort is, mivel abban megakadhatnak a tüskék és az apróbb kövek.Noha ez a kutya szívesen kíséri el gazdáját hosszabb sétákra is, általában jól alkalmazkodik a körülményekhez. Ajánlatos gondoskodni arról, hogy sokat mozogjon, mivel ez segít kondíciója megorzésében.', 'tacskóFajta.jpg'),
(5, 'mudi', 'A mudi közepes nagyságú kutya, jól kirajzolódó marral és rövid, egyenes háttal. A lágyéka mérsékelten széles, enyhén lejt és viszonylag rövid. Mellkasa mély, ovális keresztmetszetu, a szegycsontja kiugró. Egyenes lábain jól kirajzolódnak az ízületek; mancsai kör alakúak, szorosan zárt ujjakkal.Mérete a standard szerint 38-47 cm közötti, a valóságban ennél is nagyobb kb. 35-50 cm közötti változatosságot mutat. A mudi legismertebb színe a fekete, de ezen kívül még öt elfogadott színe van: hamvas (kék), cifra (blue merle), fehér, barna, fakó (sárga). A standardban elfogadott színek természetes kombinációi (barna-cifra, hamvas-cifra, hamvasbarna) idonként elofordulnak a tenyésztés során.Várható élettartama: 14-16 év', 'Szorzete nem igényel túl sok törodést, jó állapotban tartásához elég, ha idonként kikefélik vagy kifésülik. A rendszeres fésüléstol tönkremegy a szore, elveszíti a fajtajellegzetességként lényeges csigásságot.A karmait röviden kell tartani.Ez a csupa energia kutya órákon át képes fáradhatatlanul szaladgálni és dolgozni, de jól tud alkalmazkodni a nyugodtabb életvitelhez is. Nagyon szereti a labdajátékokat, valamint a póráz nélkül való hancúrozást.', 'mudiFajta.jpg'),
(6, 'komondor', 'A komondor teste téglalap alakú, a törzshossza a marmagasságának 104-110%-a. A marja telt és jól látható a rövid háton; a lágyéka közepesen hosszú, akárcsak az enyhén lejtos, széles far. A kutya egész hátvonala igen eros. Alacsonyan tuzött farka lelóg, de a vége visszakunkorodik. Járás közben, vagy ha a komondor figyel valamire, a farkát a hátvonal fölé emelheti, noha elméletben ez hibának számít. A legjobb az ha egyáltalán nem emeli a hátfonala fölé. Hordószeru mellkasa mérsékelten mély és eléggé hosszú, szügye széles és igen izmos. Vállai meglehetosen ferdék, de nem lazák. Lábai egyenesek és eros csontúak; a combjai hosszúak. Mancsai nagyok és eléggé vaskosak, a hátsó mancsok sokszor valamivel hosszabbak az elsoknél. A kanok minimális marmagassága 70 cm, a szukáké 65 cm. A komondor szore mindig fehér, a bore pedig palaszürke. Az orra, a szemei pereme és az ajkai feketék, a karmai viszont szürkék.Várható élettartama: 12-14 év', ' A komondort soha nem kefélik vagy fésülik, mivel az lehetetlenné tenné szorzete nemezedését. A zsinórok éppen azért alakulnak ki, mert az aljszorzet puha szálai nem hullanak ki, hanem megakadnak a durvább, hosszabb fedoszorszálak között. A nemezes zsinórok kialakulása némi kézi munkával elosegítheto. A jellegzetes komondorszorzet kialakulása után már alig igényel ápolást, és a lakásban az eb szinte egyáltalán nem hullat szoröket.E fajta mozgásigénye átlagos, viszont nagyon szert a szabadban lenni. A rossz ido nem zavarja, még a fagyot is jól turi, hiszen suru szorzete rendkívül jó védelmet nyújt. Jó néhány komondor állandóan a szabadban él, és ha így is elegendo figyelmet kapnak, akkor ebben nincs is semmi rossz. ', 'komondorFajta.jpg'),
(7, 'kuvasz', 'A kuvasz nagy, eros, nemes megjelenésu fajta, amelynek testalkata eroteljes, anélkül, hogy közönségesnek tunne. Testének hossza valamivel meghaladja a magasságát; háta közepesen hosszú, lágyéka rövid és eros, fara pedig széles, eros, enyhén lejtos. A far dús szorzete miatt a kutya kissé túlsúlyosnak tunhet. A marja hosszabb és magasabb, mint a háta. A lelógó farka alacsonyan tuzött, egészen a csánkig ér, és a vége kissé felfelé görbül. Mellkasa mély, elülso része az izmok és a szegycsont miatt felfelé ívelt.A kanok 71-75 cm, a szukák 66-70 cm magasak.A kuvasz kizárólag fehér színben ismert. Bore palaszürke, az orra, a szeme pereme és az ajkai feketék, a szeme pedig sötétbarna.Várható élettartama: 12-14 év', 'Igen suru szorzete minden idojárásban megfelelo védelmet nyúlt a kuvasz számára. Vedlés idején elengedhetetlen az alapos, naponkénti kefélés. A: év többi részében hetente egyszer is elég átkefélni, lehetoleg drótos kefével. A karmait rendszeresen kell vágni! A kuvasz mozgásigénye átlagos; egy nagyméretu, bekerített kertben magától is eleget mozog. Szereti naponta többször is ellenorizni territóriuma határait – ha ez nem lehetséges, gyakrabban kell sétálni vinni. Fizikai és szellemi értelemben is tágas helyre van szüksége.', 'kuvaszFajta.jpg'),
(8, 'angol bulldog', 'Az angol bulldog széles, eros, zömök felépítésu kutya. Lábai meglehetosen rövidek. A rövid, eroteljes hát a vállnál a legszélesebb, majd a lágyék felé elkeskenyedik. Oldalról nézve a hát a váll mögött lejtos, aztán a lágyéknál megemelkedik, majd a farnál ismét lejt. A hát legmagasabb pontja ugyanolyan magasan van, mint a lágyék teteje. Mellkasa tágas, gömbölyded és igen mély, mélyen belóg a mellso lábak közé. A jól lekerekített bordák messze hátranyúlnak, a has felhúzott. A mérsékelten hosszú, mélyen tuzött farok a tövénél meglehetosen egyenesen kiálló és vaskos, majd utána lefelé ívelo, és hirtelen finom végben elkeskenyedo. Marmagassága: Átlagosan a kan 35-45 cm, szuka 34-44 cm.Az angol bulldog kétféle színezetben ismert: vörös és tigriscsíkos. A vörös a bézstol a sötét ozbarnáig, illetve a halványbarnáig terjedhet. Fehér rajzolata és/vagy fekete maszkja is lehet.Várható élettartama: 9-11 év', 'Ez a kutya nem igényel túl sok szorzetápolást. Vedlés idején gumikefével lehet a legegyszerubben eltávolítani az elhalt és kilazult szorszálakat. Szükség esetén az arc redoit – foként a szem alattiakat – erre szolgáló oldattal kell megtisztítani. Az angol bulldognak huzatmentes, puha, száraz helyre van szüksége – a ridegen tartás tehát nem megfelelo a számára. Bore nagyon érzékeny a nedvességre, mindig szárazra kell törölni.A fajta nem igényel hosszú sétákat, beéri napi három rövid kiruccanással. A nap fennmaradó részét szívesen tölti a lakásban vagy a kertben, feltéve, hogy a család is a közelben van. E tulajdonságai miatt ideális társ az otthonülo emberek számára.', 'bulldogFajta.jpg');

-- 
-- Dumping data for table esemenyek
--
INSERT INTO esemenyek VALUES
(1, 'oltás'),
(2, 'ügyességi verseny'),
(3, 'kozmetika'),
(4, 'orvos'),
(5, 'kutya iskola'),
(6, 'fürdetés');

-- 
-- Dumping data for table oltasok
--
INSERT INTO oltasok VALUES
(1, 'parvovírusos bélgyulladás elleni oltás'),
(2, 'fertozo betegségek elleni kombinált oltás'),
(3, 'veszettség elleni oltás'),
(4, 'kombinált és veszettség elleni oltás');

-- 
-- Dumping data for table kutyak
--
INSERT INTO kutyak VALUES
(1, 'palkó', 1, '2019-02-24', 13.00, 39, 'puli1.jpg', 25000),
(2, 'peti', 2, '2014-10-28', 9.00, 40, 'pumi1.jpg', 20000),
(3, 'bogáncs', 3, '2013-05-05', 24.00, 66, 'agar1.jpg', 70000),
(4, 'zoli', 4, '2018-11-29', 6.00, 31, 'tacskó1.jpg', 150000),
(5, 'mancs', 5, '2019-03-18', 12.00, 41, 'mudi1.jpg', 40000),
(6, 'pamacs', 1, '2011-12-25', 15.00, 43, 'puli2.jpg', 25000),
(7, 'matyi', 2, '2014-12-15', 11.00, 45, 'pumi2.jpg', 20000),
(8, 'rozi', 3, '2011-07-02', 27.00, 62, 'agar2.jpg', 70000),
(9, 'buli', 4, '2017-04-20', 5.00, 34, 'tacskó2.jpg', 150000),
(10, 'bingó', 5, '2016-09-06', 12.00, 42, 'mudi2.jpg', 40000),
(11, 'abu', 1, '2012-03-09', 14.00, 38, 'puli3.jpg', 25000),
(12, 'zoé', 2, '2015-07-21', 9.00, 45, 'pumi3.jpg', 20000),
(13, 'pixel', 3, '2013-11-14', 29.00, 69, 'agar3.jpg', 70000),
(14, 'masni', 4, '2011-05-16', 7.00, 33, 'tacskó3.jpg', 150000),
(15, 'panka', 5, '2011-12-02', 8.00, 40, 'mudi3.jpg', 40000),
(16, 'rita', 1, '2014-02-24', 13.00, 43, 'puli4.jpg', 25000),
(17, 'miki', 2, '2015-09-01', 11.00, 42, 'pumi4.jpg', 20000),
(18, 'sapka', 3, '2016-07-24', 26.00, 65, 'agar4.jpg', 70000),
(19, 'tepsi', 4, '2016-06-21', 6.00, 30, 'tacskó4.jpg', 150000),
(20, 'lola', 6, '2013-05-09', 45.00, 66, 'komondor1.jpg', 50000),
(21, 'dézi', 6, '2014-01-08', 52.00, 68, 'komondor2.jpg', 50000),
(22, 'sanyi', 6, '2018-09-19', 42.00, 65, 'komondor3.jpg', 50000),
(23, 'csúzli', 6, '2016-03-10', 53.00, 70, 'komondor4.jpg', 50000),
(24, 'tipli', 6, '2013-06-24', 50.00, 67, 'komondor5.jpg', 50000),
(25, 'kefír', 7, '2015-06-29', 42.00, 70, 'kuvasz1.jpg', 80000),
(26, 'ágas', 7, '2017-09-09', 42.00, 67, 'kuvasz2.jpg', 80000),
(27, 'bende', 7, '2014-08-28', 48.00, 73, 'kuvasz3.jpg', 80000),
(28, 'fabio', 7, '2016-11-17', 50.00, 69, 'kuvasz4.jpg', 80000),
(29, 'max', 7, '2013-02-05', 46.00, 72, 'kuvasz5.jpg', 80000),
(30, 'obama', 7, '2011-07-14', 49.00, 66, 'kuvasz6.jpg', 80000),
(31, 'beni', 8, '2015-01-16', 25.00, 40, 'bulldog1.jpg', 90000),
(32, 'dörmi', 8, '2013-04-11', 22.00, 36, 'bulldog2.jpg', 90000);

-- 
-- Dumping data for table kutyanaplo
--
INSERT INTO kutyanaplo VALUES
(1, 1, '2020-01-03', 2),
(2, 2, '2020-10-03', 2),
(3, 3, '2020-12-03', 3),
(4, 4, '2020-08-15', 4),
(5, 5, '2020-03-25', 5),
(6, 9, '2017-05-11', 6),
(7, 13, '2018-07-09', 1),
(8, 19, '2019-09-29', 2),
(9, 22, '2021-04-18', 3),
(10, 28, '2018-11-13', 4),
(11, 32, '2019-12-15', 5),
(12, 21, '2021-02-25', 6);

-- 
-- Dumping data for table kutyakoltasok
--
INSERT INTO kutyakoltasok VALUES
(1, 1),
(2, 1),
(3, 1),
(4, 1),
(5, 1),
(6, 1),
(7, 1),
(8, 2),
(9, 2),
(10, 2),
(11, 2),
(12, 2),
(13, 2),
(14, 2),
(15, 3),
(16, 3),
(17, 3),
(18, 3),
(19, 3),
(20, 3),
(21, 3),
(22, 4),
(23, 4),
(24, 4),
(25, 4),
(26, 4),
(27, 4),
(28, 4),
(29, 2),
(30, 3),
(31, 1),
(32, 3);

-- 
-- Dumping data for table bejelentkezes
--
INSERT INTO bejelentkezes VALUES
(1, 'mario@gmail.com', '$2y$10$/AH8IZ6vAJB6L3wQmZ8LJOJKebkq3aGY4JZVivr26M.8I0ED5nYfm', 2),
(2, 'katalin@gmail.com', '$2y$10$Dr9LB7MjRIftat/DgJTa3e6DGjW5X4Jnm10B8Vy4Lut.05MB/BZRe', 1),
(3, 'almafa@gmail.com', '$2y$10$DtyEo4/R5JpD1l9ldgAu9uATc.yI6K.vWbkhKYOPY3LhS3bewmyCO', 1),
(4, 'deres@gmail.com', '$2y$10$4E0B0kjXUyHxdamUCx5X3e6joNxToEmaWtfeFedvBLu/KYHRc8kpC', 1),
(5, 'jázmin23@gmail.com', '$2y$10$sgm6pJ9reXkeIX2AD4lSCuAxR6GELW5vvVg1V3g.unpvytdV/UjcK', 1),
(6, 'dobosH@gmail.com', '$2y$10$fWWh3KPIuIELpG.jBEpSDexkgqPYTEmYa8R6L2nKYlEKD6S9Iq/Bm', 1),
(7, 'daniel@gmail.com', '$2y$10$wmzOdwngwq8u6ch.jYD7LeBBoOGH3n5521WV9CrPiJ9awJ2.HeO1a', 1),
(8, 'adám@gmail.com', '$2y$10$m8F/95il9bLts6Y/A4Biwu3ELXMAK/i.QNlIrvXofn5fM9s80jxQ2', 1),
(9, 'kovácsJ25@gmail.com', '$2y$10$TSmd6s7rGy/pbJGV5lUAGu7zU3PPNkMSWm5/RgGqohlzgi8KM4Yri', 1),
(10, 'edina@gmail.com', '$2y$10$JGUKxwRII1MZv.CwJKLIte2XB003PXu7Qbzj5ofoe7hJfuwfLaeeG', 1),
(11, 'tóth999@gmail.com', '$2y$10$LEfVjdWb0UgIwsJ6Q2shluqr8iBJnua9EMpztlRggH69aui32GGHS', 1);

-- 
-- Restore previous SQL mode
-- 
/*!40101 SET SQL_MODE=@OLD_SQL_MODE */;

-- 
-- Enable foreign keys
-- 
/*!40014 SET FOREIGN_KEY_CHECKS=@OLD_FOREIGN_KEY_CHECKS */;